{
  "swagger": "2.0",
  "info": {
    "version": "1.0.0",
    "title": "Account service",
    "description": "Account service",
    "contact": {
      "email": "team@example.com"
    }
  },
  "schemes": [
    "http"
  ],
  "basePath": "/v1/accountsimtestserv",
  "tags": [
    {
      "name": "Account",
      "description": "Account Service"
    }
  ],
  "paths": {
    "/accounts/{account_id}": {
      "get": {
        "summary": "Gets account.",
        "tags": [
          "Accounts"
        ],
        "description": "Gets account",
        "x-api-name": "AccountsResource",
        "operationId": "getAccount",
        "x-codegen-server-request-context": true,
        "x-slo": {
          "response_time_95th_percentile": 200,
          "error_rate": 0.001
        },
        "parameters": [
          {
            "name": "account_id",
            "in": "path",
            "description": "The account ID.",
            "type": "string",
            "minLength": 1,
            "maxLength": 16,
            "pattern": "^[0-9]$",
            "required": true
          }
        ],
        "responses": {
          "200": {
            "description": "Successful response",
            "schema": {
              "$ref" : "./././account.json"
            }
          },
          "default": {
            "description": "Unexpected error",
            "schema": {
              "$ref" : "./././error.json"
            }
          }
        }
      }
    }
  }
}